BEGIN;

-- -----------------------------------------------------
-- Base Tables (No Foreign Keys)
-- -----------------------------------------------------

-- Person Table: 110 Rows (IDs 1-22: Visitors, 23-44: Nurses, 45-66: Officers, 67-88: Maintainers, 89-110: Prisoners)
INSERT INTO Person (id, first_name, last_name, identification_no, gender, address, contact_no, age, date_of_birth, blood_type) VALUES
(1, 'Alice', 'Smith', 'ID-10001', 'F', '123 Maple St', '555-0101', 34, '1989-04-12', 'A+'),
(2, 'Bob', 'Jones', 'ID-10002', 'M', '456 Oak St', '555-0102', 45, '1978-11-23', 'O-'),
(3, 'Charlie', 'Brown', 'ID-10003', 'M', '789 Pine St', '555-0103', 29, '1994-01-15', 'B+'),
(4, 'Diana', 'Prince', 'ID-10004', 'F', '101 Elm St', '555-0104', 31, '1992-06-30', 'AB+'),
(5, 'Evan', 'Wright', 'ID-10005', 'M', '202 Birch St', '555-0105', 40, '1983-08-05', 'A-'),
(6, 'Fiona', 'Gallagher', 'ID-10006', 'F', '303 Cedar St', '555-0106', 26, '1997-12-10', 'O+'),
(7, 'George', 'Miller', 'ID-10007', 'M', '404 Walnut St', '555-0107', 55, '1968-03-22', 'B-'),
(8, 'Hannah', 'Abbott', 'ID-10008', 'F', '505 Spruce St', '555-0108', 38, '1985-09-17', 'AB-'),
(9, 'Ian', 'Malcolm', 'ID-10009', 'M', '606 Ash St', '555-0109', 42, '1981-02-28', 'Unknown'),
(10, 'Julia', 'Roberts', 'ID-10010', 'F', '707 Chestnut St', '555-0110', 33, '1990-07-14', 'A+'),
(11, 'Kevin', 'Hart', 'ID-10011', 'M', '808 Poplar St', '555-0111', 48, '1975-05-09', 'O+'),
(12, 'Laura', 'Dern', 'ID-10012', 'F', '909 Willow St', '555-0112', 27, '1996-10-02', 'B+'),
(13, 'Michael', 'Scott', 'ID-10013', 'M', '111 Fir St', '555-0113', 50, '1973-12-25', 'A-'),
(14, 'Nina', 'Simone', 'ID-10014', 'F', '212 Sycamore St', '555-0114', 36, '1987-04-18', 'O-'),
(15, 'Oscar', 'Isaac', 'ID-10015', 'M', '313 Hickory St', '555-0115', 39, '1984-11-11', 'AB+'),
(16, 'Paula', 'Patton', 'ID-10016', 'F', '414 Redwood St', '555-0116', 30, '1993-08-21', 'A+'),
(17, 'Quincy', 'Jones', 'ID-10017', 'M', '515 Cypress St', '555-0117', 60, '1963-01-30', 'O+'),
(18, 'Rachel', 'Green', 'ID-10018', 'F', '616 Beech St', '555-0118', 28, '1995-05-15', 'B-'),
(19, 'Steve', 'Rogers', 'ID-10019', 'M', '717 Magnolia St', '555-0119', 35, '1988-07-04', 'A+'),
(20, 'Tina', 'Fey', 'ID-10020', 'F', '818 Dogwood St', '555-0120', 44, '1979-09-09', 'O-'),
(21, 'Ursula', 'Buffay', 'ID-10021', 'F', '919 Aspen St', '555-0121', 32, '1991-02-16', 'Unknown'),
(22, 'Victor', 'Garber', 'ID-10022', 'M', '121 Palm St', '555-0122', 52, '1971-10-29', 'AB-'),
(23, 'Wendy', 'Darling', 'ID-10023', 'F', 'Nurse Quarters A', '555-0201', 29, '1994-03-01', 'A+'),
(24, 'Xavier', 'Woods', 'ID-10024', 'M', 'Nurse Quarters B', '555-0202', 34, '1989-06-12', 'O+'),
(25, 'Yara', 'Shahidi', 'ID-10025', 'F', 'City Clinic A', '555-0203', 41, '1982-11-05', 'B+'),
(26, 'Zane', 'Lowe', 'ID-10026', 'M', 'Nurse Quarters C', '555-0204', 38, '1985-08-22', 'A-'),
(27, 'Abby', 'Sciuto', 'ID-10027', 'F', 'City Clinic B', '555-0205', 30, '1993-12-19', 'O-'),
(28, 'Ben', 'Wyatt', 'ID-10028', 'M', 'Nurse Quarters A', '555-0206', 45, '1978-04-14', 'AB+'),
(29, 'Chloe', 'Decker', 'ID-10029', 'F', 'City Clinic A', '555-0207', 33, '1990-01-25', 'B-'),
(30, 'Dan', 'Espinoza', 'ID-10030', 'M', 'Nurse Quarters B', '555-0208', 37, '1986-09-08', 'A+'),
(31, 'Ella', 'Lopez', 'ID-10031', 'F', 'City Clinic C', '555-0209', 28, '1995-07-30', 'O+'),
(32, 'Frank', 'Castle', 'ID-10032', 'M', 'Nurse Quarters C', '555-0210', 49, '1974-02-11', 'Unknown'),
(33, 'Grace', 'Shelby', 'ID-10033', 'F', 'City Clinic B', '555-0211', 35, '1988-10-20', 'A-'),
(34, 'Harry', 'Potter', 'ID-10034', 'M', 'Nurse Quarters A', '555-0212', 32, '1991-05-03', 'O-'),
(35, 'Iris', 'West', 'ID-10035', 'F', 'City Clinic A', '555-0213', 27, '1996-08-15', 'B+'),
(36, 'Jack', 'Pearson', 'ID-10036', 'M', 'Nurse Quarters B', '555-0214', 42, '1981-12-01', 'AB-'),
(37, 'Kate', 'Austen', 'ID-10037', 'F', 'City Clinic C', '555-0215', 31, '1992-03-24', 'A+'),
(38, 'Leo', 'Fitz', 'ID-10038', 'M', 'Nurse Quarters C', '555-0216', 36, '1987-06-07', 'O+'),
(39, 'Mia', 'Thermopolis', 'ID-10039', 'F', 'City Clinic B', '555-0217', 29, '1994-11-12', 'B-'),
(40, 'Noah', 'Calhoun', 'ID-10040', 'M', 'Nurse Quarters A', '555-0218', 44, '1979-01-19', 'A-'),
(41, 'Olivia', 'Pope', 'ID-10041', 'F', 'City Clinic A', '555-0219', 39, '1984-09-28', 'O-'),
(42, 'Peter', 'Parker', 'ID-10042', 'M', 'Nurse Quarters B', '555-0220', 25, '1998-04-10', 'AB+'),
(43, 'Quinn', 'Fabray', 'ID-10043', 'Other', 'City Clinic C', '555-0221', 34, '1989-02-14', 'A+'),
(44, 'Ryan', 'Atwood', 'ID-10044', 'M', 'Nurse Quarters C', '555-0222', 40, '1983-07-22', 'Unknown'),
(45, 'Sarah', 'Connor', 'ID-10045', 'F', 'Officer Barracks 1', '555-0301', 38, '1985-10-10', 'O+'),
(46, 'Tom', 'Hagen', 'ID-10046', 'M', 'Officer Barracks 2', '555-0302', 45, '1978-05-05', 'A-'),
(47, 'Uma', 'Thurman', 'ID-10047', 'F', 'Officer Barracks 3', '555-0303', 32, '1991-12-20', 'B+'),
(48, 'Vince', 'Vega', 'ID-10048', 'M', 'Officer Barracks 1', '555-0304', 41, '1982-03-15', 'O-'),
(49, 'Wanda', 'Maximoff', 'ID-10049', 'F', 'Officer Barracks 2', '555-0305', 29, '1994-08-08', 'AB+'),
(50, 'Xander', 'Cage', 'ID-10050', 'M', 'Officer Barracks 3', '555-0306', 36, '1987-11-30', 'A+'),
(51, 'Yolanda', 'Saldana', 'ID-10051', 'F', 'Officer Barracks 1', '555-0307', 43, '1980-02-25', 'B-'),
(52, 'Zack', 'Morris', 'ID-10052', 'M', 'Officer Barracks 2', '555-0308', 35, '1988-06-18', 'O+'),
(53, 'Amy', 'Santiago', 'ID-10053', 'F', 'Officer Barracks 3', '555-0309', 31, '1992-09-12', 'Unknown'),
(54, 'Brian', 'OConner', 'ID-10054', 'M', 'Officer Barracks 1', '555-0310', 39, '1984-01-22', 'A-'),
(55, 'Cora', 'Crawley', 'ID-10055', 'F', 'Officer Barracks 2', '555-0311', 28, '1995-04-05', 'O-'),
(56, 'Derek', 'Morgan', 'ID-10056', 'M', 'Officer Barracks 3', '555-0312', 46, '1977-10-14', 'AB-'),
(57, 'Emily', 'Prentiss', 'ID-10057', 'F', 'Officer Barracks 1', '555-0313', 42, '1981-07-07', 'A+'),
(58, 'Felix', 'Gaeta', 'ID-10058', 'M', 'Officer Barracks 2', '555-0314', 33, '1990-12-01', 'B+'),
(59, 'Gwen', 'Stacy', 'ID-10059', 'F', 'Officer Barracks 3', '555-0315', 26, '1997-03-19', 'O+'),
(60, 'Hugo', 'Reyes', 'ID-10060', 'M', 'Officer Barracks 1', '555-0316', 37, '1986-08-28', 'A-'),
(61, 'Ivy', 'Pepper', 'ID-10061', 'Undisclosed', 'Officer Barracks 2', '555-0317', 30, '1993-05-11', 'B-'),
(62, 'James', 'Gordon', 'ID-10062', 'M', 'Officer Barracks 3', '555-0318', 52, '1971-11-09', 'O-'),
(63, 'Kara', 'Danvers', 'ID-10063', 'F', 'Officer Barracks 1', '555-0319', 27, '1996-02-24', 'AB+'),
(64, 'Luke', 'Cage', 'ID-10064', 'M', 'Officer Barracks 2', '555-0320', 40, '1983-09-03', 'A+'),
(65, 'Macy', 'Vaughn', 'ID-10065', 'F', 'Officer Barracks 3', '555-0321', 34, '1989-12-16', 'Unknown'),
(66, 'Nate', 'Archibald', 'ID-10066', 'M', 'Officer Barracks 1', '555-0322', 29, '1994-06-21', 'O+'),
(67, 'Oscar', 'Martinez', 'ID-10067', 'M', 'Main Street 10', '555-0401', 45, '1978-03-12', 'A+'),
(68, 'Pam', 'Beesly', 'ID-10068', 'F', 'Main Street 11', '555-0402', 36, '1987-08-24', 'O-'),
(69, 'Quinn', 'Mallory', 'ID-10069', 'M', 'Main Street 12', '555-0403', 31, '1992-01-05', 'B+'),
(70, 'Rosa', 'Diaz', 'ID-10070', 'F', 'Main Street 13', '555-0404', 29, '1994-11-18', 'A-'),
(71, 'Sam', 'Winchester', 'ID-10071', 'M', 'Main Street 14', '555-0405', 40, '1983-05-02', 'O+'),
(72, 'Tara', 'Maclay', 'ID-10072', 'F', 'Main Street 15', '555-0406', 33, '1990-09-14', 'AB+'),
(73, 'Ulysses', 'Klaue', 'ID-10073', 'M', 'Main Street 16', '555-0407', 50, '1973-12-08', 'B-'),
(74, 'Valerie', 'Frizzle', 'ID-10074', 'F', 'Main Street 17', '555-0408', 48, '1975-02-20', 'O-'),
(75, 'Walter', 'White', 'ID-10075', 'M', 'Main Street 18', '555-0409', 55, '1968-07-07', 'Unknown'),
(76, 'Xena', 'Warrior', 'ID-10076', 'F', 'Main Street 19', '555-0410', 38, '1985-04-11', 'A+'),
(77, 'Yusuf', 'Amir', 'ID-10077', 'M', 'Main Street 20', '555-0411', 42, '1981-10-25', 'B+'),
(78, 'Zoe', 'Washburne', 'ID-10078', 'F', 'Main Street 21', '555-0412', 35, '1988-06-03', 'O+'),
(79, 'Adam', 'Savage', 'ID-10079', 'M', 'Main Street 22', '555-0413', 49, '1974-01-16', 'A-'),
(80, 'Betty', 'Cooper', 'ID-10080', 'F', 'Main Street 23', '555-0414', 27, '1996-08-09', 'AB-'),
(81, 'Carl', 'Grimes', 'ID-10081', 'M', 'Main Street 24', '555-0415', 25, '1998-11-21', 'O-'),
(82, 'Daphne', 'Blake', 'ID-10082', 'F', 'Main Street 25', '555-0416', 30, '1993-03-14', 'B-'),
(83, 'Eric', 'Cartman', 'ID-10083', 'M', 'Main Street 26', '555-0417', 32, '1991-07-28', 'A+'),
(84, 'Fay', 'Wray', 'ID-10084', 'F', 'Main Street 27', '555-0418', 41, '1982-12-10', 'O+'),
(85, 'Gus', 'Fring', 'ID-10085', 'M', 'Main Street 28', '555-0419', 53, '1970-05-22', 'Unknown'),
(86, 'Hilda', 'Spellman', 'ID-10086', 'F', 'Main Street 29', '555-0420', 47, '1976-02-04', 'B+'),
(87, 'Igor', 'Karkaroff', 'ID-10087', 'M', 'Main Street 30', '555-0421', 44, '1979-09-17', 'A-'),
(88, 'Jane', 'Doe', 'ID-10088', 'F', 'Main Street 31', '555-0422', 34, '1989-10-31', 'O-'),
(89, 'Aaron', 'Stone', 'ID-10089', 'M', 'Homeless', 'None', 22, '2001-04-15', 'O+'),
(90, 'Bill', 'Sykes', 'ID-10090', 'M', '44 Crime Alley', 'None', 35, '1988-11-02', 'A-'),
(91, 'Clyde', 'Barrow', 'ID-10091', 'M', '101 Getaway Rd', 'None', 28, '1995-03-24', 'B+'),
(92, 'Dexter', 'Morgan', 'ID-10092', 'M', 'Miami Pier', 'None', 40, '1983-07-11', 'AB-'),
(93, 'Eddie', 'Brock', 'ID-10093', 'M', 'NY Slums', 'None', 32, '1991-09-19', 'O-'),
(94, 'Freddy', 'Krueger', 'ID-10094', 'M', 'Elm Street 1428', 'None', 50, '1973-05-14', 'A+'),
(95, 'Gaston', 'LeGume', 'ID-10095', 'M', 'French Village', 'None', 31, '1992-02-28', 'Unknown'),
(96, 'Hannibal', 'Lecter', 'ID-10096', 'M', 'Baltimore Heights', 'None', 60, '1963-08-08', 'B-'),
(97, 'Ivan', 'Drago', 'ID-10097', 'M', 'Moscow Gym', 'None', 45, '1978-01-20', 'O+'),
(98, 'Joker', 'Unknown', 'ID-10098', 'M', 'Arkham', 'None', 38, '1985-12-12', 'A-'),
(99, 'Kylo', 'Ren', 'ID-10099', 'M', 'Starkiller Base', 'None', 29, '1994-06-05', 'AB+'),
(100, 'Loki', 'Laufeyson', 'ID-10100', 'M', 'Asgard', 'None', 33, '1990-10-30', 'O-'),
(101, 'Moriarty', 'Jim', 'ID-10101', 'M', 'London Underground', 'None', 42, '1981-04-18', 'B+'),
(102, 'Norman', 'Bates', 'ID-10102', 'M', 'Bates Motel', 'None', 27, '1996-03-03', 'A+'),
(103, 'Oswald', 'Cobblepot', 'ID-10103', 'M', 'Iceberg Lounge', 'None', 48, '1975-07-25', 'Unknown'),
(104, 'Pennywise', 'Dancing', 'ID-10104', 'Undisclosed', 'Derry Sewers', 'None', 55, '1968-09-09', 'O+'),
(105, 'Quentin', 'Glass', 'ID-10105', 'M', 'NYC Docks', 'None', 39, '1984-11-14', 'A-'),
(106, 'Riddler', 'Nigma', 'ID-10106', 'M', 'Gotham City', 'None', 34, '1989-01-01', 'B-'),
(107, 'Sauron', 'Maiar', 'ID-10107', 'Other', 'Mordor', 'None', 44, '1979-08-22', 'O-'),
(108, 'Thanos', 'Titan', 'ID-10108', 'M', 'Sanctuary', 'None', 52, '1971-02-15', 'AB+'),
(109, 'Ultron', 'Pym', 'ID-10109', 'Other', 'Sokovia', 'None', 26, '1997-12-04', 'A+'),
(110, 'Voldemort', 'Riddle', 'ID-10110', 'M', 'Little Hangleton', 'None', 65, '1958-05-06', 'Unknown');

-- PrisonLocation: 22 Rows
INSERT INTO PrisonLocation (id, name, code, purpose, max_capacity) VALUES
(1, 'Cell Block A', 'CB-A01', 'General Population', 150),
(2, 'Cell Block B', 'CB-B01', 'General Population', 150),
(3, 'Maximum Security Wing', 'MAX-01', 'High Risk Inmates', 50),
(4, 'Solitary Confinement', 'SOL-01', 'Disciplinary Action', 20),
(5, 'Infirmary', 'MED-01', 'Medical Treatment', 30),
(6, 'Cafeteria Main', 'CAF-01', 'Dining', 200),
(7, 'Recreation Yard East', 'REC-E', 'Exercise', 100),
(8, 'Recreation Yard West', 'REC-W', 'Exercise', 100),
(9, 'Library', 'LIB-01', 'Education', 40),
(10, 'Visitation Room A', 'VIS-A', 'Public Visits', 25),
(11, 'Visitation Room B', 'VIS-B', 'Legal Counsel Visits', 15),
(12, 'Workshop 1', 'WRK-01', 'Woodworking Labor', 30),
(13, 'Workshop 2', 'WRK-02', 'Laundry Services', 40),
(14, 'Intake Processing', 'INT-01', 'New Arrivals', 20),
(15, 'Armory', 'ARM-01', 'Weapon Storage', 0),
(16, 'Warden Office', 'ADM-01', 'Administration', 5),
(17, 'Guard Breakroom', 'GRD-01', 'Staff Rest Area', 30),
(18, 'Kitchen', 'KIT-01', 'Food Preparation', 25),
(19, 'Chapel', 'CHP-01', 'Religious Services', 60),
(20, 'Storage Facility', 'STO-01', 'Supplies', 0),
(21, 'Execution Chamber', 'EXC-01', 'Lethal Injection', 10),
(22, 'Perimeter Tower 1', 'TWR-01', 'Surveillance', 2);

-- Medicine: 22 Rows
INSERT INTO Medicine (id, name, generic_name, code, caution) VALUES
(1, 'Advil', 'Ibuprofen', 8001, 'Take with food'),
(2, 'Tylenol', 'Acetaminophen', 8002, 'Do not exceed 4g per day'),
(3, 'Amoxil', 'Amoxicillin', 8003, 'Complete full course'),
(4, 'Zithromax', 'Azithromycin', 8004, 'May cause upset stomach'),
(5, 'Lipitor', 'Atorvastatin', 8005, 'Avoid grapefruit'),
(6, 'Prinivil', 'Lisinopril', 8006, 'May cause dry cough'),
(7, 'Glucophage', 'Metformin', 8007, 'Take with meals'),
(8, 'Synthroid', 'Levothyroxine', 8008, 'Take on an empty stomach'),
(9, 'Norvasc', 'Amlodipine', 8009, 'May cause dizziness'),
(10, 'Prozac', 'Fluoxetine', 8010, 'Do not stop abruptly'),
(11, 'Zoloft', 'Sertraline', 8011, 'May cause drowsiness'),
(12, 'Xanax', 'Alprazolam', 8012, 'High risk of dependency'),
(13, 'Valium', 'Diazepam', 8013, 'Avoid alcohol'),
(14, 'Ambien', 'Zolpidem', 8014, 'Take right before bed'),
(15, 'Vicodin', 'Hydrocodone', 8015, 'High risk of addiction'),
(16, 'Percocet', 'Oxycodone', 8016, 'High risk of addiction'),
(17, 'Neurontin', 'Gabapentin', 8017, 'May cause dizziness'),
(18, 'Singulair', 'Montelukast', 8018, 'Take in the evening'),
(19, 'Flonase', 'Fluticasone', 8019, 'Shake well before use'),
(20, 'Zyrtec', 'Cetirizine', 8020, 'May cause slight drowsiness'),
(21, 'Claritin', 'Loratadine', 8021, 'Non-drowsy formulation'),
(22, 'Prilosec', 'Omeprazole', 8022, 'Take 30 mins before meal');

-- PrisonerIntake: 22 Rows
INSERT INTO PrisonerIntake (id, intake_date, initial_health_status) VALUES
(1, '2023-01-10 08:00:00', 'Cleared'),
(2, '2023-01-12 09:30:00', 'Observation'),
(3, '2023-01-15 14:15:00', 'Cleared'),
(4, '2023-01-18 11:00:00', 'Routine Follow-up'),
(5, '2023-02-05 16:45:00', 'Quarantined'),
(6, '2023-02-14 10:20:00', 'Cleared'),
(7, '2023-03-01 13:10:00', 'Hospitalized'),
(8, '2023-03-10 09:05:00', 'Cleared'),
(9, '2023-03-22 15:30:00', 'Routine Follow-up'),
(10, '2023-04-04 08:45:00', 'Cleared'),
(11, '2023-04-16 11:25:00', 'Observation'),
(12, '2023-05-02 14:50:00', 'Cleared'),
(13, '2023-05-18 10:15:00', 'Cleared'),
(14, '2023-06-01 09:40:00', 'Routine Follow-up'),
(15, '2023-06-15 13:55:00', 'Cleared'),
(16, '2023-07-04 16:10:00', 'Quarantined'),
(17, '2023-07-20 08:20:00', 'Cleared'),
(18, '2023-08-05 11:35:00', 'Cleared'),
(19, '2023-08-22 14:05:00', 'Observation'),
(20, '2023-09-10 09:50:00', 'Cleared'),
(21, '2023-09-28 15:15:00', 'Hospitalized'),
(22, '2023-10-12 10:30:00', 'Cleared');

-- Irregularity: 22 Rows (prison_location_id REMOVED)
INSERT INTO Irregularity (id, description, severity, type) VALUES
(1, 'Inmate unaccounted for during headcount', 'Critical', 'MissingPrisoner'),
(2, 'Missing kitchen knife', 'High', 'ItemLost'),
(3, 'Cell phone found in mattress', 'Medium', 'ProhibitedItem'),
(4, 'Small bag of white powder found', 'High', 'ContrabandFound'),
(5, 'Fight broke out between two rival gang members', 'High', 'Assault'),
(6, 'Group refused to return to cells', 'Critical', 'RiotAttempt'),
(7, 'Graffiti on cell wall', 'Low', 'Vandalism'),
(8, 'Tampered window bars', 'Critical', 'EscapeAttempt'),
(9, 'Inmate collapsed in yard', 'High', 'MedicalEmergency'),
(10, 'Missing guard keys', 'Critical', 'ItemLost'),
(11, 'Homemade shank discovered', 'High', 'ContrabandFound'),
(12, 'Officer shoved during escort', 'Medium', 'Assault'),
(13, 'Broken security camera', 'Medium', 'Vandalism'),
(14, 'Suspected drug drop over fence', 'High', 'ContrabandFound'),
(15, 'Inmate suffering seizure', 'High', 'MedicalEmergency'),
(16, 'Hoarded medication found', 'Medium', 'ProhibitedItem'),
(17, 'Fire started in trash can', 'High', 'Vandalism'),
(18, 'Inmate attempting to climb fence', 'Critical', 'EscapeAttempt'),
(19, 'Missing tool from workshop', 'High', 'ItemLost'),
(20, 'Large brawl in cafeteria', 'Critical', 'RiotAttempt'),
(21, 'Unauthorized cash found', 'Medium', 'ProhibitedItem'),
(22, 'Inmate unresponsive in cell', 'Critical', 'MedicalEmergency');

-- -----------------------------------------------------
-- Level 1 Tables 
-- -----------------------------------------------------

-- Document: 22 Rows (person_id strictly 1-22 for visitors)
INSERT INTO Document (id, person_id, national_id_number, national_id_file_key, house_registration_number, house_registration_file_key, birth_certificate_number, birth_certificate_file_key) VALUES
(1, 8, 100001, 'nid/100001.pdf', 200001, 'hre/200001.pdf', 300001, 'bct/300001.pdf'),
(2, 21, 100002, 'nid/100002.pdf', 200002, 'hre/200002.pdf', 300002, 'bct/300002.pdf'),
(3, 14, 100003, 'nid/100003.pdf', 200003, 'hre/200003.pdf', 300003, 'bct/300003.pdf'),
(4, 3, 100004, 'nid/100004.pdf', 200004, 'hre/200004.pdf', 300004, 'bct/300004.pdf'),
(5, 17, 100005, 'nid/100005.pdf', 200005, 'hre/200005.pdf', 300005, 'bct/300005.pdf'),
(6, 9, 100006, 'nid/100006.pdf', 200006, 'hre/200006.pdf', 300006, 'bct/300006.pdf'),
(7, 2, 100007, 'nid/100007.pdf', 200007, 'hre/200007.pdf', 300007, 'bct/300007.pdf'),
(8, 20, 100008, 'nid/100008.pdf', 200008, 'hre/200008.pdf', 300008, 'bct/300008.pdf'),
(9, 11, 100009, 'nid/100009.pdf', 200009, 'hre/200009.pdf', 300009, 'bct/300009.pdf'),
(10, 5, 100010, 'nid/100010.pdf', 200010, 'hre/200010.pdf', 300010, 'bct/300010.pdf'),
(11, 19, 100011, 'nid/100011.pdf', 200011, 'hre/200011.pdf', 300011, 'bct/300011.pdf'),
(12, 6, 100012, 'nid/100012.pdf', 200012, 'hre/200012.pdf', 300012, 'bct/300012.pdf'),
(13, 22, 100013, 'nid/100013.pdf', 200013, 'hre/200013.pdf', 300013, 'bct/300013.pdf'),
(14, 1, 100014, 'nid/100014.pdf', 200014, 'hre/200014.pdf', 300014, 'bct/300014.pdf'),
(15, 13, 100015, 'nid/100015.pdf', 200015, 'hre/200015.pdf', 300015, 'bct/300015.pdf'),
(16, 10, 100016, 'nid/100016.pdf', 200016, 'hre/200016.pdf', 300016, 'bct/300016.pdf'),
(17, 18, 100017, 'nid/100017.pdf', 200017, 'hre/200017.pdf', 300017, 'bct/300017.pdf'),
(18, 15, 100018, 'nid/100018.pdf', 200018, 'hre/200018.pdf', 300018, 'bct/300018.pdf'),
(19, 7, 100019, 'nid/100019.pdf', 200019, 'hre/200019.pdf', 300019, 'bct/300019.pdf'),
(20, 12, 100020, 'nid/100020.pdf', 200020, 'hre/200020.pdf', 300020, 'bct/300020.pdf'),
(21, 16, 100021, 'nid/100021.pdf', 200021, 'hre/200021.pdf', 300021, 'bct/300021.pdf'),
(22, 4, 100022, 'nid/100022.pdf', 200022, 'hre/200022.pdf', 300022, 'bct/300022.pdf');

-- Nurse: 22 Rows (person_id 23-44)
INSERT INTO Nurse (id, gender, code, person_id) VALUES
(1, 'F', 'N-101', 23),
(2, 'M', 'N-102', 24),
(3, 'F', 'N-103', 25),
(4, 'M', 'N-104', 26),
(5, 'F', 'N-105', 27),
(6, 'M', 'N-106', 28),
(7, 'F', 'N-107', 29),
(8, 'M', 'N-108', 30),
(9, 'F', 'N-109', 31),
(10, 'M', 'N-110', 32),
(11, 'F', 'N-111', 33),
(12, 'M', 'N-112', 34),
(13, 'F', 'N-113', 35),
(14, 'M', 'N-114', 36),
(15, 'F', 'N-115', 37),
(16, 'M', 'N-116', 38),
(17, 'F', 'N-117', 39),
(18, 'M', 'N-118', 40),
(19, 'F', 'N-119', 41),
(20, 'M', 'N-120', 42),
(21, 'Other', 'N-121', 43),
(22, 'M', 'N-122', 44);

-- Officer: 22 Rows (person_id 45-66)
INSERT INTO Officer (id, gender, code, rank, person_id) VALUES
(1, 'F', 5001, 'Warden', 45),
(2, 'M', 5002, 'Deputy Warden', 46),
(3, 'F', 5003, 'Chief Jailer', 47),
(4, 'M', 5004, 'Captain', 48),
(5, 'F', 5005, 'Lieutenant', 49),
(6, 'M', 5006, 'Sergeant', 50),
(7, 'F', 5007, 'Corporal', 51),
(8, 'M', 5008, 'Guard', 52),
(9, 'F', 5009, 'Guard', 53),
(10, 'M', 5010, 'Guard', 54),
(11, 'F', 5011, 'Guard', 55),
(12, 'M', 5012, 'Trainee', 56),
(13, 'F', 5013, 'Captain', 57),
(14, 'M', 5014, 'Lieutenant', 58),
(15, 'F', 5015, 'Sergeant', 59),
(16, 'M', 5016, 'Corporal', 60),
(17, 'Undisclosed', 5017, 'Guard', 61),
(18, 'M', 5018, 'Guard', 62),
(19, 'F', 5019, 'Guard', 63),
(20, 'M', 5020, 'Guard', 64),
(21, 'F', 5021, 'Trainee', 65),
(22, 'M', 5022, 'Trainee', 66);

-- Maintainer: 22 Rows (person_id 67-88)
INSERT INTO Maintainer (id, person_id, maintainance_skill, skill_description, company_name, specialization) VALUES
(1, 67, 'Plumbing', 'Master Plumber', 'City Pipes LLC', 'First Aid Responder'),
(2, 68, 'Electrical', 'Certified Electrician', 'Volt Tech', 'Armory Manager'),
(3, 69, 'HVAC', 'HVAC Technician', 'Cool Air Inc', 'First Aid Responder'),
(4, 70, 'Carpentry', 'General Carpentry', 'WoodWorks', 'Riot Control'),
(5, 71, 'Masonry', 'Brick and Stone', 'Solid Foundations', 'Transport Officer'),
(6, 72, 'Welding', 'Arc and MIG Welding', 'Steel Solutions', 'Crisis Negotiator'),
(7, 73, 'Locksmithing', 'High Security Locks', 'Key Masters', 'Armory Manager'),
(8, 74, 'Painting', 'Interior and Exterior', 'Fresh Coat', 'Narcotics Detection'),
(9, 75, 'General Maintenance', 'Handyman services', 'FixIt All', 'K9 Handler'),
(10, 76, 'Plumbing', 'Pipe fitting', 'City Pipes LLC', 'First Aid Responder'),
(11, 77, 'Electrical', 'Low voltage systems', 'Volt Tech', 'Gang Intelligence'),
(12, 78, 'HVAC', 'AC Repair', 'Cool Air Inc', 'First Aid Responder'),
(13, 79, 'Carpentry', 'Cabinet making', 'WoodWorks', 'Transport Officer'),
(14, 80, 'Masonry', 'Concrete pouring', 'Solid Foundations', 'First Aid Responder'),
(15, 81, 'Welding', 'TIG Welding', 'Steel Solutions', 'Armory Manager'),
(16, 82, 'Locksmithing', 'Electronic Access Control', 'Key Masters', 'Crisis Negotiator'),
(17, 83, 'Painting', 'Industrial Coatings', 'Fresh Coat', 'Riot Control'),
(18, 84, 'General Maintenance', 'Facility upkeep', 'FixIt All', 'Narcotics Detection'),
(19, 85, 'Plumbing', 'Drain cleaning', 'City Pipes LLC', 'First Aid Responder'),
(20, 86, 'Electrical', 'High voltage systems', 'Volt Tech', 'Gang Intelligence'),
(21, 87, 'HVAC', 'Heating systems', 'Cool Air Inc', 'First Aid Responder'),
(22, 88, 'Locksmithing', 'Safe cracking', 'Key Masters', 'K9 Handler');

-- Prisoner: 22 Rows (person_id 89-110, prison_intake_id 1-22 scrambled)
INSERT INTO Prisoner (id, code, person_id, mugshot_img_key, evaluation, evaluation_score, prison_intake_id) VALUES
(1, 'P-0001', 89, 'img/p0001.jpg', 'Compliant', 85, 17),
(2, 'P-0002', 90, 'img/p0002.jpg', 'Aggressive', 30, 4),
(3, 'P-0003', 91, 'img/p0003.jpg', 'Flight Risk', 45, 21),
(4, 'P-0004', 92, 'img/p0004.jpg', 'Manipulative', 20, 9),
(5, 'P-0005', 93, 'img/p0005.jpg', 'Compliant', 90, 14),
(6, 'P-0006', 94, 'img/p0006.jpg', 'High Risk', 10, 2),
(7, 'P-0007', 95, 'img/p0007.jpg', 'Arrogant', 60, 19),
(8, 'P-0008', 96, 'img/p0008.jpg', 'Extremely Dangerous', 5, 8),
(9, 'P-0009', 97, 'img/p0009.jpg', 'Quiet', 80, 22),
(10, 'P-0010', 98, 'img/p0010.jpg', 'Unpredictable', 15, 11),
(11, 'P-0011', 99, 'img/p0011.jpg', 'Volatile', 25, 3),
(12, 'P-0012', 100, 'img/p0012.jpg', 'Deceptive', 35, 20),
(13, 'P-0013', 101, 'img/p0013.jpg', 'Mastermind', 15, 6),
(14, 'P-0014', 102, 'img/p0014.jpg', 'Unstable', 40, 15),
(15, 'P-0015', 103, 'img/p0015.jpg', 'Influential', 55, 1),
(16, 'P-0016', 104, 'img/p0016.jpg', 'Psychotic', 0, 10),
(17, 'P-0017', 105, 'img/p0017.jpg', 'Compliant', 75, 18),
(18, 'P-0018', 106, 'img/p0018.jpg', 'Narcissistic', 50, 5),
(19, 'P-0019', 107, 'img/p0019.jpg', 'Severe Threat', 5, 12),
(20, 'P-0020', 108, 'img/p0020.jpg', 'Dominant', 20, 7),
(21, 'P-0021', 109, 'img/p0021.jpg', 'Calculating', 30, 16),
(22, 'P-0022', 110, 'img/p0022.jpg', 'Cult Leader', 10, 13);

-- -----------------------------------------------------
-- Level 2 Tables 
-- -----------------------------------------------------

-- ConfiscatedItem: 22 Rows (PrisonerIntake_id scrambled)
INSERT INTO ConfiscatedItem (id, item_name, quantity, remarks, PrisonerIntake_id) VALUES
(1, 'Switchblade', 1, 'Hidden in shoe', 5),
(2, 'Gold Watch', 1, 'Held for safekeeping', 18),
(3, 'Unmarked Pills', 10, 'Sent to lab', 12),
(4, 'Cash', 500, 'Confiscated for inmate account', 2),
(5, 'Cell Phone', 1, 'Hidden in bag', 22),
(6, 'Lighter', 2, 'Prohibited item', 9),
(7, 'Brass Knuckles', 1, 'Found during pat down', 14),
(8, 'Driver License (Fake)', 1, 'Evidence', 1),
(9, 'Jewelry', 3, 'Held for safekeeping', 17),
(10, 'Syringe', 2, 'Biohazard disposal', 8),
(11, 'Flash Drive', 1, 'Handed to intelligence', 20),
(12, 'Cigarettes', 5, 'Prohibited item', 3),
(13, 'Screwdriver', 1, 'Possible weapon', 11),
(14, 'Lockpick Set', 1, 'Hidden in belt', 21),
(15, 'Wallet', 1, 'Held for safekeeping', 6),
(16, 'Pocket Knife', 1, 'Found in jacket', 16),
(17, 'Tattoo Machine (Homemade)', 1, 'Confiscated', 10),
(18, 'Chewing Gum', 5, 'Disposed', 19),
(19, 'Map of City', 1, 'Suspicious', 13),
(20, 'Wire Cutters', 1, 'Confiscated', 7),
(21, 'Flask', 1, 'Smelled of alcohol', 4),
(22, 'Pills (Prescription)', 1, 'Handed to medical', 15);

-- RoutinesSchedule: 22 Rows (prison_location_id scrambled)
INSERT INTO RoutinesSchedule (id, routine_name, prison_location_id, routines_schedule_date, type) VALUES
(1, 'Morning Count A', 17, '2023-11-01', 'Inspection'),
(2, 'Yard Duty East', 4, '2023-11-01', 'Recreation Supervision'),
(3, 'Cell Search B', 21, '2023-11-02', 'Cell Search'),
(4, 'Night Watch Tower 1', 9, '2023-11-02', 'Tower Watch'),
(5, 'Lunch Supervision', 14, '2023-11-03', 'Cafeteria Duty'),
(6, 'Perimeter Drive', 2, '2023-11-03', 'Perimeter Check'),
(7, 'Infirmary Guard', 19, '2023-11-04', 'Guard Post'),
(8, 'Block A Patrol', 8, '2023-11-04', 'Patrol'),
(9, 'Max Security Escort', 22, '2023-11-05', 'Inmate Escort'),
(10, 'Library Watch', 11, '2023-11-05', 'Guard Post'),
(11, 'Workshop 1 Super', 3, '2023-11-06', 'Inspection'),
(12, 'Yard Duty West', 20, '2023-11-06', 'Recreation Supervision'),
(13, 'Dinner Supervision', 6, '2023-11-07', 'Cafeteria Duty'),
(14, 'Night Count B', 15, '2023-11-07', 'Inspection'),
(15, 'Solitary Checks', 1, '2023-11-08', 'Patrol'),
(16, 'Chapel Guard', 10, '2023-11-08', 'Guard Post'),
(17, 'Visitation Sec A', 18, '2023-11-09', 'Guard Post'),
(18, 'Visitation Sec B', 5, '2023-11-09', 'Guard Post'),
(19, 'Armory Inventory', 12, '2023-11-10', 'Inspection'),
(20, 'Block B Patrol', 7, '2023-11-10', 'Patrol'),
(21, 'Workshop 2 Super', 16, '2023-11-11', 'Guard Post'),
(22, 'Morning Count Max', 13, '2023-11-11', 'Inspection');

-- Visitment: 22 Rows (prisoner_id scrambled)
INSERT INTO Visitment (id, prisoner_id, visitment_date, description, status, duration) VALUES
(1, 5, '2023-11-15', 'Family visit', 'completed', 60),
(2, 18, '2023-11-15', 'Legal counsel', 'completed', 120),
(3, 12, '2023-11-16', 'Spousal visit', 'cancelled', 0),
(4, 2, '2023-11-16', 'Family visit', 'scheduled', 60),
(5, 22, '2023-11-17', 'Legal counsel', 'completed', 90),
(6, 9, '2023-11-17', 'Family visit', 'completed', 60),
(7, 14, '2023-11-18', 'Sibling visit', 'scheduled', 45),
(8, 1, '2023-11-18', 'Legal counsel', 'cancelled', 0),
(9, 17, '2023-11-19', 'Family visit', 'completed', 60),
(10, 8, '2023-11-19', 'Clergy visit', 'completed', 30),
(11, 20, '2023-11-20', 'Spousal visit', 'scheduled', 60),
(12, 3, '2023-11-20', 'Family visit', 'completed', 45),
(13, 11, '2023-11-21', 'Legal counsel', 'completed', 120),
(14, 21, '2023-11-21', 'Media interview', 'cancelled', 0),
(15, 6, '2023-11-22', 'Family visit', 'scheduled', 60),
(16, 16, '2023-11-22', 'Legal counsel', 'completed', 90),
(17, 10, '2023-11-23', 'Family visit', 'completed', 60),
(18, 19, '2023-11-23', 'Spousal visit', 'cancelled', 0),
(19, 13, '2023-11-24', 'Family visit', 'scheduled', 45),
(20, 7, '2023-11-24', 'Legal counsel', 'completed', 60),
(21, 4, '2023-11-25', 'Sibling visit', 'completed', 30),
(22, 15, '2023-11-25', 'Family visit', 'scheduled', 60);

-- Treatment: 22 Rows (prisoner_id and nurse_id scrambled)
INSERT INTO Treatment (id, prisoner_id, nurse_id, description, diagnose_date) VALUES
(1, 5, 17, 'Routine checkup', '2023-10-01'),
(2, 18, 4, 'Treated for laceration', '2023-10-02'),
(3, 12, 21, 'Flu symptoms', '2023-10-03'),
(4, 2, 9, 'Dental pain', '2023-10-04'),
(5, 22, 14, 'Sprained ankle', '2023-10-05'),
(6, 9, 2, 'Asthma attack', '2023-10-06'),
(7, 14, 19, 'High blood pressure', '2023-10-07'),
(8, 1, 8, 'Allergic reaction', '2023-10-08'),
(9, 17, 22, 'Migraine', '2023-10-09'),
(10, 8, 11, 'Stomach virus', '2023-10-10'),
(11, 20, 3, 'Infected tattoo', '2023-10-11'),
(12, 3, 20, 'Burn on hand', '2023-10-12'),
(13, 11, 6, 'Routine bloodwork', '2023-10-13'),
(14, 21, 15, 'Insomnia', '2023-10-14'),
(15, 6, 1, 'Fractured finger', '2023-10-15'),
(16, 16, 10, 'Psychiatric evaluation', '2023-10-16'),
(17, 10, 18, 'Skin rash', '2023-10-17'),
(18, 19, 5, 'Chest pain', '2023-10-18'),
(19, 13, 12, 'Concussion', '2023-10-19'),
(20, 7, 7, 'Food poisoning', '2023-10-20'),
(21, 4, 16, 'Eye infection', '2023-10-21'),
(22, 15, 13, 'Follow up appointment', '2023-10-22');

-- Maintainance: 22 Rows (prison_location_id scrambled)
INSERT INTO Maintainance (id, prison_location_id, maintainance_date, maintainance_cost, status) VALUES
(1, 17, '2023-12-01', 500, 'Done'),
(2, 4, '2023-12-02', 1200, 'Scheduled'),
(3, 21, '2023-12-03', 300, 'In progress'),
(4, 9, '2023-12-04', 800, 'Reported'),
(5, 14, '2023-12-05', 150, 'Done'),
(6, 2, '2023-12-06', 450, 'Pending Approval'),
(7, 19, '2023-12-07', 2200, 'Scheduled'),
(8, 8, '2023-12-08', 600, 'On Hold'),
(9, 22, '2023-12-09', 900, 'Done'),
(10, 11, '2023-12-10', 350, 'Cancelled'),
(11, 3, '2023-12-11', 1100, 'In progress'),
(12, 20, '2023-12-12', 400, 'Reported'),
(13, 6, '2023-12-13', 750, 'Scheduled'),
(14, 15, '2023-12-14', 1300, 'Done'),
(15, 1, '2023-12-15', 200, 'Pending Approval'),
(16, 10, '2023-12-16', 550, 'Scheduled'),
(17, 18, '2023-12-17', 3200, 'On Hold'),
(18, 5, '2023-12-18', 850, 'Done'),
(19, 12, '2023-12-19', 420, 'In progress'),
(20, 7, '2023-12-20', 1600, 'Scheduled'),
(21, 16, '2023-12-21', 250, 'Reported'),
(22, 13, '2023-12-22', 950, 'Done');

-- PrisonerIncidents: 22 Rows (prison_location_id and reporting_officer_id scrambled)
INSERT INTO PrisonerIncidents (id, incident_datetime, description, prison_location_id, reporting_officer_id) VALUES
(1, '2023-10-01 14:30:00', 'Fight in yard', 17, 5),
(2, '2023-10-05 09:15:00', 'Contraband found during cell search', 4, 18),
(3, '2023-10-10 18:45:00', 'Refusal to follow orders', 21, 12),
(4, '2023-10-12 21:00:00', 'Attempted assault on guard', 9, 2),
(5, '2023-10-15 12:20:00', 'Vandalism of state property', 14, 22),
(6, '2023-10-18 08:05:00', 'Medical emergency, inmate collapsed', 2, 9),
(7, '2023-10-20 16:50:00', 'Dispute in cafeteria', 19, 14),
(8, '2023-10-22 11:30:00', 'Possession of weapon (shank)', 8, 1),
(9, '2023-10-25 15:10:00', 'Attempted escape from recreation area', 22, 17),
(10, '2023-10-28 10:40:00', 'Intoxicated behavior', 11, 8),
(11, '2023-11-01 19:25:00', 'Theft from another inmate', 3, 20),
(12, '2023-11-03 07:55:00', 'Self-harm attempt', 20, 3),
(13, '2023-11-06 13:45:00', 'Inappropriate behavior in visitation', 6, 11),
(14, '2023-11-08 22:15:00', 'Noise violation after lights out', 15, 21),
(15, '2023-11-10 14:00:00', 'Refusal to leave cell', 1, 6),
(16, '2023-11-12 09:30:00', 'Gang related altercation', 10, 16),
(17, '2023-11-15 17:20:00', 'Spitting at staff', 18, 10),
(18, '2023-11-18 11:10:00', 'Trading prescription meds', 5, 19),
(19, '2023-11-20 16:05:00', 'Damage to security camera', 12, 13),
(20, '2023-11-22 08:50:00', 'Threatening an officer', 7, 7),
(21, '2023-11-25 20:30:00', 'Creating a fire hazard', 16, 4),
(22, '2023-11-28 12:45:00', 'Hoarding food in cell', 13, 15);

-- -----------------------------------------------------
-- Level 3 Tables 
-- -----------------------------------------------------

-- RoutinesOfficer: 22 Rows (officer_id and routine_id scrambled)
INSERT INTO RoutinesOfficer (id, officer_id, routine_id) VALUES
(1, 5, 17),
(2, 18, 4),
(3, 12, 21),
(4, 2, 9),
(5, 22, 14),
(6, 9, 2),
(7, 14, 19),
(8, 1, 8),
(9, 17, 22),
(10, 8, 11),
(11, 20, 3),
(12, 3, 20),
(13, 11, 6),
(14, 21, 15),
(15, 6, 1),
(16, 16, 10),
(17, 10, 18),
(18, 19, 5),
(19, 13, 12),
(20, 7, 7),
(21, 4, 16),
(22, 15, 13);

-- Inspection: 22 Rows (routine_id mapped 1:1 to ensure uniqueness)
INSERT INTO Inspection (id, code, reason, routine_id) VALUES
(1, 'INSP-001', 'Routine cell check', 1),
(2, 'INSP-002', 'Suspicion of contraband', 2),
(3, 'INSP-003', 'Post-riot damage assessment', 3),
(4, 'INSP-004', 'Health and safety audit', 4),
(5, 'INSP-005', 'Missing tool search', 5),
(6, 'INSP-006', 'Routine perimeter check', 6),
(7, 'INSP-007', 'Random locker check', 7),
(8, 'INSP-008', 'Weapons sweep', 8),
(9, 'INSP-009', 'Routine cell check', 9),
(10, 'INSP-010', 'Suspicion of contraband', 10),
(11, 'INSP-011', 'Post-riot damage assessment', 11),
(12, 'INSP-012', 'Health and safety audit', 12),
(13, 'INSP-013', 'Missing tool search', 13),
(14, 'INSP-014', 'Routine perimeter check', 14),
(15, 'INSP-015', 'Random locker check', 15),
(16, 'INSP-016', 'Weapons sweep', 16),
(17, 'INSP-017', 'Routine cell check', 17),
(18, 'INSP-018', 'Suspicion of contraband', 18),
(19, 'INSP-019', 'Post-riot damage assessment', 19),
(20, 'INSP-020', 'Health and safety audit', 20),
(21, 'INSP-021', 'Missing tool search', 21),
(22, 'INSP-022', 'Routine perimeter check', 22);

-- Labor: 22 Rows (maintainance_id 1-22, maintainer_id scrambled)
INSERT INTO Labor (maintainance_id, maintainer_id, labor_task) VALUES
(1, 5, 'Fix leaking pipe in Block A'),
(2, 18, 'Rewire broken lights'),
(3, 12, 'Repair HVAC unit'),
(4, 2, 'Fix broken cell door hinge'),
(5, 22, 'Patch hole in drywall'),
(6, 9, 'Weld broken fence section'),
(7, 14, 'Replace secure locks'),
(8, 1, 'Repaint visitor room'),
(9, 17, 'General cleanup of yard'),
(10, 8, 'Unclog main sewer line'),
(11, 20, 'Install new security cameras'),
(12, 3, 'Service cafeteria freezer'),
(13, 11, 'Build new shelves in library'),
(14, 21, 'Pour concrete for new path'),
(15, 6, 'Weld new window bars'),
(16, 16, 'Fix broken keycard reader'),
(17, 10, 'Paint exterior walls'),
(18, 19, 'Replace broken lightbulbs'),
(19, 13, 'Fix dripping faucet'),
(20, 7, 'Upgrade main breaker box'),
(21, 4, 'Service heating system'),
(22, 15, 'Fix broken safe in admin');

-- InvolvedPrisoner: 22 Rows (prisoner_incicent_id 1-22, prisoner_id scrambled)
INSERT INTO InvolvedPrisoner (prisoner_incicent_id, prisoner_id) VALUES
(1, 17),
(2, 4),
(3, 21),
(4, 9),
(5, 14),
(6, 2),
(7, 19),
(8, 8),
(9, 22),
(10, 11),
(11, 3),
(12, 20),
(13, 6),
(14, 15),
(15, 1),
(16, 10),
(17, 18),
(18, 5),
(19, 12),
(20, 7),
(21, 16),
(22, 13);

-- MedicationPrescription: 22 Rows (treatment_id 1-22, medicine_id scrambled)
INSERT INTO MedicationPrescription (id, treatment_id, medicine_id, dosage, frequency, duration) VALUES
(1, 1, 17, 400, 2, 7),
(2, 2, 4, 250, 1, 5),
(3, 3, 21, 10, 1, 14),
(4, 4, 9, 5, 1, 30),
(5, 5, 14, 10, 1, 7),
(6, 6, 2, 500, 4, 3),
(7, 7, 19, 50, 2, 14),
(8, 8, 8, 100, 1, 30),
(9, 9, 22, 20, 1, 14),
(10, 10, 11, 50, 1, 30),
(11, 11, 3, 500, 3, 10),
(12, 12, 20, 10, 1, 30),
(13, 13, 6, 10, 1, 30),
(14, 14, 15, 5, 4, 5),
(15, 15, 1, 200, 3, 5),
(16, 16, 10, 20, 1, 30),
(17, 17, 18, 10, 1, 30),
(18, 18, 5, 20, 1, 30),
(19, 19, 12, 0, 0, 0), -- Example of conditional/as needed
(20, 20, 7, 500, 2, 30),
(21, 21, 16, 5, 4, 5),
(22, 22, 13, 5, 2, 7);

-- -----------------------------------------------------
-- Level 4 Tables
-- -----------------------------------------------------

-- VisitmentLineItem: 22 Rows (visitment_id 1-22, person_id 1-22 corresponding to visitors, relations added logically based on Visitment table)
INSERT INTO VisitmentLineItem (visitment_id, person_id, relation) VALUES
(1, 8, 'Mother'),
(2, 21, 'Legal Counsel'),
(3, 14, 'Spouse'),
(4, 3, 'Father'),
(5, 17, 'Legal Counsel'),
(6, 9, 'Brother'),
(7, 2, 'Brother'),
(8, 20, 'Legal Counsel'),
(9, 11, 'Relative'),
(10, 5, 'Official'),
(11, 19, 'Spouse'),
(12, 6, 'Sister'),
(13, 22, 'Legal Counsel'),
(14, 1, 'Other'),
(15, 13, 'Relative'),
(16, 10, 'Legal Counsel'),
(17, 18, 'Child'),
(18, 15, 'Spouse'),
(19, 7, 'Relative'),
(20, 12, 'Legal Counsel'),
(21, 16, 'Sister'),
(22, 4, 'Relative');

-- InspectionResult: 22 Rows (inspection_id 1-22, found_irregularity_id scrambled)
INSERT INTO InspectionResult (inspection_id, found_irregularity_id, result_description) VALUES
(1, 5, 'Found evidence of recent struggle'),
(2, 18, 'Discovered damaged bars near window'),
(3, 12, 'Identified broken camera casing'),
(4, 2, 'Found missing kitchen item in cell'),
(5, 22, 'Inmate unresponsive during check'),
(6, 9, 'Medical incident noted in yard'),
(7, 14, 'Suspicious package located by fence'),
(8, 1, 'Inmate count mismatch confirmed'),
(9, 17, 'Minor scorch marks found'),
(10, 8, 'Tampering evident on locks'),
(11, 20, 'Cafeteria tables damaged'),
(12, 3, 'Contraband found hidden in mattress'),
(13, 11, 'Weapon found during sweep'),
(14, 21, 'Unauthorized currency seized'),
(15, 6, 'Group organized refusal recorded'),
(16, 16, 'Stash of pills located'),
(17, 10, 'Keys confirmed missing from board'),
(18, 19, 'Tool inventory mismatch in workshop'),
(19, 13, 'Camera intentionally blinded'),
(20, 7, 'Fresh gang tags painted'),
(21, 4, 'Powder substance tested positive'),
(22, 15, 'Inmate required immediate medical attention');

COMMIT;